loss,grad_norm,learning_rate,entropy,num_tokens,logits/chosen,logits/rejected,mean_token_accuracy,rewards/chosen,rewards/rejected,rewards/accuracies,rewards/margins,logps/chosen,logps/rejected,epoch,step,train_runtime,train_samples_per_second,train_steps_per_second,total_flos,train_loss
0.3302,4.964733123779297,0.00019534441805225654,0.5771930486056953,233198.0,1.781718211695552,0.555273572774604,0.6415625,-0.15654313284612725,-2.003696150064934,0.88625,1.8471530171041377,-3.0567926955223084,-23.233636672496797,0.02375579047392802,50,,,,,
0.2255,2.7104299068450928,0.00019059382422802852,1.023004376590252,466810.0,0.6156843582447619,-0.6803573909401893,0.7184375,-0.09741978921461851,-3.21888826996088,0.9225,3.121468482464552,-2.4954435455799104,-35.36370390415192,0.04751158094785604,100,,,,,
0.2026,12.050737380981445,0.0001858432304038005,0.9776448865234851,699756.0,0.2887639058753848,-1.2355483039095998,0.76625,-0.18578378090343903,-3.8603469318151475,0.94,3.6745631644129753,-3.3614227026700974,-41.89656952857971,0.07126737142178406,150,,,,,
0.1835,6.522039890289307,0.00018109263657957244,0.8724011999368667,933342.0,0.3606606061663479,-1.1517958466336131,0.7778125,-0.2660751758865081,-3.554221298992634,0.93625,3.288146125823259,-4.211845245361328,-38.79968502044678,0.09502316189571208,200,,,,,
0.2092,2.1001815795898438,0.00017634204275534442,0.6506697705015541,1166184.0,0.8382488101907074,-1.058856286201626,0.8878125,-0.0660380378481932,-3.4914414431154728,0.925625,3.4254034012556076,-2.133621621131897,-38.074406008720395,0.1187789523696401,250,,,,,
0.1856,3.1697733402252197,0.0001715914489311164,0.7639806504175067,1398824.0,0.809377176873386,-1.0194823323190212,0.8596875,-0.06231948979548178,-3.3038678514957427,0.9325,3.241548363044858,-2.114735132455826,-36.189066400527956,0.14253474284356812,300,,,,,
0.151,2.0177297592163086,0.00016684085510688837,0.6324121224135161,1632208.0,0.7879083341453225,-1.1452398132532835,0.865,-0.08176827823277563,-3.846248253285885,0.946875,3.7644799872487784,-2.3515042436122893,-41.75541939020157,0.16629053331749613,350,,,,,
0.1685,1.0488165616989136,0.00016209026128266034,0.6085432407632471,1865916.0,0.3992840917222202,-1.1872968140617013,0.7365625,-0.2720881259534508,-3.9673821926116943,0.938125,3.695294050872326,-4.298167719841003,-42.90337859630585,0.19004632379142417,400,,,,,
0.1883,3.2973885536193848,0.00015733966745843232,0.6686998233944178,2099998.0,0.6876190849021078,-1.0641491536051035,0.7246875,-0.16890693874214777,-3.5374157720804216,0.94,3.3685088428109884,-3.207107083797455,-38.56548244953156,0.21380211426535217,450,,,,,
0.1837,1.1890854835510254,0.0001525890736342043,0.6225124325416982,2333652.0,1.3592539498955012,-0.8644884477369488,0.901875,-0.012286551124416291,-3.510263319313526,0.93375,3.4979767655581235,-1.6505342483520509,-38.35475648164749,0.2375579047392802,500,,,,,
0.1724,1.2266697883605957,0.00014783847980997625,0.6647628312557936,2568298.0,1.3302230652421714,-0.9463659317418933,0.9028125,-0.005584063443820924,-3.66045890212059,0.94,3.654874822050333,-1.6078815603256225,-39.909278020858764,0.26131369521320824,550,,,,,
0.1569,1.346863031387329,0.00014308788598574822,0.5282107569649815,2802134.0,1.5355232302099466,-0.801022222712636,0.9359375,0.015766940051689743,-3.841504940092564,0.94625,3.8572718830406667,-1.3891614329814912,-41.68390609264374,0.28506948568713625,600,,,,,
0.163,1.9917807579040527,0.0001383372921615202,0.6890879506990314,3035726.0,1.216276673860848,-0.9694349988549947,0.9090625,-0.016747801592573525,-3.7174536976218224,0.94375,3.700705896615982,-1.700402375459671,-40.47241096496582,0.30882527616106425,650,,,,,
0.1356,1.268496036529541,0.00013358669833729217,0.5800808101519942,3268952.0,1.2208721041679382,-0.992683870382607,0.919375,0.009896214180625975,-4.170405218526721,0.95375,4.180301420688629,-1.4091080820560455,-44.93597913742065,0.33258106663499226,700,,,,,
0.1536,1.8044909238815308,0.00012883610451306415,0.7242184425145388,3501758.0,1.095517277251929,-0.892174009308219,0.855,-0.059524041496915744,-3.8632961094379423,0.948125,3.803772075176239,-2.1096088242530824,-41.84747468709946,0.3563368571089203,750,,,,,
0.1352,1.0643850564956665,0.00012408551068883612,0.587350131701678,3734398.0,1.142414596453309,-0.8590181599929929,0.856875,-0.041809862153604625,-4.177787339687347,0.948125,4.1359774842858315,-1.895553961992264,-44.922254567146304,0.38009264758284833,800,,,,,
0.1341,2.5664610862731934,0.00011933491686460807,0.5684682666324079,3967664.0,0.8717036130651832,-1.1209574941545726,0.8190625,-0.07414239362813532,-4.518406192660332,0.946875,4.4442637920379635,-2.267165344953537,-48.41311360359192,0.40384843805677634,850,,,,,
0.1465,1.7713079452514648,0.00011458432304038005,0.6920356356911361,4201848.0,0.7965212533622981,-1.2731041962653398,0.80375,-0.11350786117604002,-4.5617081785202025,0.95125,4.448200301527977,-2.616243484020233,-48.82892099380493,0.42760422853070434,900,,,,,
0.129,0.5093672871589661,0.00010983372921615202,0.8129622624069452,4435404.0,0.8072226793318987,-1.1434575825184583,0.8196875,-0.07561684851767496,-4.14497934281826,0.9575,4.0693625006079674,-2.2924282968044283,-44.71186215877533,0.4513600190046324,950,,,,,
0.155,1.7768070697784424,0.000105083135391924,0.8106161899119616,4668466.0,1.0643053359165788,-1.0692684959620238,0.8378125,-0.0893298784014769,-4.182260277569294,0.944375,4.09293042063713,-2.3940787720680237,-44.996704363822936,0.4751158094785604,1000,,,,,
0.1493,1.7585042715072632,0.00010033254156769596,0.6466688443254679,4901432.0,1.2900959608703852,-1.010533055346459,0.8803125,-0.03359215835109353,-4.111120037436486,0.94875,4.077527872920037,-1.8251680934429169,-44.269113144874574,0.4988715999524884,1050,,,,,
0.1427,3.5682146549224854,9.558194774346794e-05,0.7433254756405949,5135680.0,1.0866027622669936,-1.132883698940277,0.848125,-0.07035166703630238,-4.220453420281411,0.953125,4.150101739168167,-2.2859820520877836,-45.46314733505249,0.5226273904264165,1100,,,,,
0.1276,0.3558051288127899,9.083135391923991e-05,0.6529421176575124,5369904.0,1.1593329945765436,-1.1665579657629133,0.8528125,-0.05488271918613464,-4.339859924316406,0.95625,4.284977189302444,-2.0580487966537477,-46.61335620880127,0.5463831809003444,1150,,,,,
0.1386,0.5092748999595642,8.608076009501188e-05,0.6328554731234908,5603068.0,1.4543198781460525,-0.9188436029478908,0.8203125,-0.06133400527993217,-4.111627893149853,0.946875,4.050293877273798,-2.1408725130558013,-44.31286214351654,0.5701389713742725,1200,,,,,
0.1322,0.6333650946617126,8.133016627078385e-05,0.6618860695511103,5835208.0,1.0862025558017194,-1.1606644263397903,0.7265625,-0.1667821814236231,-4.429520409107209,0.9475,4.262738198041916,-3.165494978427887,-47.480481176376344,0.5938947618482004,1250,,,,,
0.1265,1.1752853393554688,7.657957244655583e-05,0.666652236841619,6069092.0,0.9552115549705923,-1.309534074384719,0.740625,-0.1750320428586565,-4.9031413507461545,0.95625,4.7281093361973765,-3.295323083400726,-52.30641781330109,0.6176505523221285,1300,,,,,
0.1398,0.7352030873298645,7.182897862232779e-05,0.6823544237017631,6301824.0,1.129417635090649,-1.060491609312594,0.6790625,-0.22441459844121708,-4.436894335746765,0.950625,4.212479739189148,-3.7376347959041594,-47.561758575439455,0.6414063427960566,1350,,,,,
0.1294,1.6451127529144287,6.707838479809977e-05,0.6537679908424616,6536162.0,1.1587966699898242,-1.1034663458913565,0.74875,-0.14525181100296322,-4.746248016953468,0.954375,4.600996187031269,-3.002965964078903,-50.74335602760315,0.6651621332699845,1400,,,,,
0.1308,0.4381598234176636,6.232779097387174e-05,0.7894000121206045,6769316.0,0.9351425800658762,-1.1661122752726079,0.635625,-0.2935120952106081,-4.666673491001129,0.95,4.373161401152611,-4.407654742002487,-49.91292869567871,0.6889179237439126,1450,,,,,
0.1398,2.261025905609131,5.757719714964371e-05,0.6807783803343773,7002070.0,0.9847520550526678,-1.2082894971221685,0.7175,-0.1951860591233708,-4.915160945057869,0.9525,4.7199748669564725,-3.4913514399528505,-52.420482006073,0.7126737142178406,1500,,,,,
0.1139,1.04469633102417,5.282660332541568e-05,0.6053324264846742,7236378.0,1.025972280949354,-1.195354485027492,0.730625,-0.17717932297382505,-4.960297295451165,0.95625,4.783117983341217,-3.295693520307541,-52.84713938713074,0.7364295046917686,1550,,,,,
0.1283,0.4996432960033417,4.807600950118765e-05,0.6644107097387314,7468414.0,0.8780326084047556,-1.2094013912975787,0.64875,-0.2709667686955072,-4.808156721591949,0.956875,4.5371899582445625,-4.215567969083786,-51.25667450904846,0.7601852951656967,1600,,,,,
0.1191,1.8714402914047241,4.3325415676959626e-05,0.65440912514925,7701746.0,0.8849942603521049,-1.2370389711856842,0.64375,-0.2389595856750384,-5.010804061889648,0.96,4.771844470798969,-3.904640424251556,-53.35534036636353,0.7839410856396246,1650,,,,,
0.146,1.598256230354309,3.857482185273159e-05,0.6795464031398296,7935242.0,0.9820290006510913,-1.0952923450991512,0.614375,-0.2839925202098675,-4.751156906485558,0.9475,4.467164394333959,-4.384051262140274,-50.716969761848446,0.8076968761135527,1700,,,,,
0.1354,1.9851446151733398,3.3824228028503564e-05,0.6910533159598709,8169946.0,1.1246441565826535,-1.0073032418638468,0.6546875,-0.2366737748455489,-4.667637345194817,0.950625,4.4309635438025,-3.8652030527591705,-49.831399426460266,0.8314526665874807,1750,,,,,
0.1203,1.9375587701797485,2.9073634204275536e-05,0.6346744895726443,8403552.0,1.2386511404067277,-1.0231702961027622,0.72,-0.1561136437836103,-4.789837426543236,0.959375,4.6337237611413,-3.0617436277866363,-51.08504180908203,0.8552084570614087,1800,,,,,
0.1293,3.403402805328369,2.432304038004751e-05,0.6329432236030698,8638484.0,1.2643637586757541,-1.0084501508623362,0.735625,-0.14996839167142753,-4.736271647214889,0.955,4.586303261220455,-3.023166980743408,-50.624300570487975,0.8789642475353368,1850,,,,,
0.1261,2.145902395248413,1.9572446555819478e-05,0.6814135548844934,8872206.0,1.2006092311441898,-1.0454565181583166,0.7096875,-0.17399628108018078,-4.649538974761963,0.953125,4.475542706251145,-3.2860837602615356,-49.788392996788026,0.9027200380092648,1900,,,,,
0.0954,1.0674705505371094,1.4821852731591448e-05,0.6552200008742511,9105232.0,1.244750037882477,-1.026756008565426,0.6984375,-0.15838565757730977,-4.7043183648586275,0.964375,4.54593269251287,-3.058744856119156,-50.212665104866026,0.9264758284831928,1950,,,,,
0.1227,1.8317886590957642,1.0071258907363421e-05,0.6012929650396108,9338566.0,1.2566321689635516,-1.030867708325386,0.739375,-0.16311713743081782,-4.8422434538602825,0.95375,4.6791262856125835,-3.131532030105591,-51.603516550064086,0.9502316189571208,2000,,,,,
0.1279,1.6097148656845093,5.320665083135392e-06,0.6637623885646462,9572652.0,1.151122729703784,-1.0495699030905963,0.681875,-0.2049316188483499,-4.688964132666587,0.955625,4.4840325179696086,-3.5862259662151335,-50.15468322753906,0.9739874094310488,2050,,,,,
0.1053,1.0400209426879883,5.700712589073635e-07,0.628479545339942,9805572.0,1.1999971883744,-1.0597774714231492,0.694375,-0.17293915099231527,-4.766450004577637,0.96125,4.593510849177838,-3.252975081205368,-50.86608256340027,0.9977431999049768,2100,,,,,
,,,0.6484712189749667,9827180.0,1.0988110484261262,-1.1317128068522404,0.680921052631579,-0.1666961879604251,-4.814971898731432,0.9671052631578947,4.648275701623214,-3.071459694912559,-51.40342973407946,1.0,2105,2065.4141,32.608,1.019,6.562311501437338e+16,0.15068102236881392
